20180521, 3608, 6895.000000
20180518, 3605, 6824.000000
20180517, 3604, 6861.250000
20180516, 3603, 6846.750000
20180515, 3602, 6811.000000
20180514, 3601, 6883.000000
20180511, 3598, 6922.250000
20180510, 3597, 6918.500000
20180509, 3596, 6816.750000
20180508, 3595, 6816.250000
20180504, 3591, 6845.000000
20180503, 3590, 6865.500000
20180502, 3589, 6816.500000
20180501, 3588, 6760.750000
20180430, 3587, 6820.750000
20180427, 3584, 6813.250000
20180426, 3583, 6966.000000
20180425, 3582, 6977.000000
20180424, 3581, 6981.250000
20180423, 3580, 6925.000000
20180420, 3577, 6979.250000
20180419, 3576, 6963.000000
20180418, 3575, 7035.750000
20180417, 3574, 6874.000000
20180416, 3573, 6882.000000
20180413, 3570, 6832.500000
20180412, 3569, 6821.500000
20180411, 3568, 6911.500000
20180410, 3567, 6969.500000
20180409, 3566, 6854.000000
20180406, 3563, 6758.000000
20180405, 3562, 6817.000000
20180404, 3561, 6712.750000
20180403, 3560, 6811.000000
20180329, 3555, 6738.750000
20180328, 3554, 6668.250000
20180327, 3553, 6658.250000
20180326, 3552, 6622.500000
20180323, 3549, 6646.750000
20180322, 3548, 6727.750000
20180321, 3547, 6834.000000
20180320, 3546, 6755.750000
20180319, 3545, 6831.500000
20180316, 3542, 6888.250000
20180315, 3541, 6921.500000
20180314, 3540, 6980.250000
20180313, 3539, 6952.250000
20180312, 3538, 6916.000000
20180309, 3535, 6958.250000
20180308, 3534, 6821.750000
20180307, 3533, 6939.250000
20180306, 3532, 6990.500000
20180305, 3531, 6926.000000
20180302, 3528, 6914.000000
20180301, 3527, 6886.250000
20180228, 3526, 6933.500000
20180227, 3525, 7026.750000
20180226, 3524, 7113.250000
20180223, 3521, 7111.250000
20180222, 3520, 7172.000000
20180221, 3519, 7132.250000
20180220, 3518, 7077.500000
20180219, 3517, 7134.000000
20180216, 3514, 7185.500000
20180215, 3513, 7190.750000
20180214, 3512, 7164.000000
20180213, 3511, 7013.750000
20180212, 3510, 6864.250000
20180209, 3507, 6749.000000
20180208, 3506, 6860.750000
20180207, 3505, 6874.500000
20180206, 3504, 7081.750000
20180205, 3503, 7127.250000
20180202, 3500, 7076.750000
20180201, 3499, 7115.500000
20180131, 3498, 7101.250000
20180130, 3497, 7081.750000
20180129, 3496, 7088.250000
20180126, 3493, 7092.250000
20180125, 3492, 7115.000000
20180124, 3491, 7142.250000
20180123, 3490, 6902.750000
20180122, 3489, 7077.500000
20180119, 3486, 7045.500000
20180118, 3485, 7076.500000
20180117, 3484, 7057.500000
20180116, 3483, 7112.250000
20180115, 3482, 7204.250000
20180112, 3479, 7112.750000
20180111, 3478, 7130.000000
20180110, 3477, 7146.500000
20180109, 3476, 7106.750000
20180108, 3475, 7125.250000
20180105, 3472, 7118.750000
20180104, 3471, 7182.750000
20180103, 3470, 7176.750000
20180102, 3469, 7218.000000
20171229, 3465, 7251.750000
20171228, 3464, 7280.500000
20171227, 3463, 7217.250000
20171222, 3458, 7135.500000
20171221, 3457, 7085.250000
20171220, 3456, 7047.500000
20171219, 3455, 6938.000000
20171218, 3454, 6933.500000
20171215, 3451, 6902.250000
20171214, 3450, 6783.250000
20171213, 3449, 6741.500000
20171212, 3448, 6676.500000
20171211, 3447, 6654.750000
20171208, 3444, 6578.000000
20171207, 3443, 6558.000000
20171206, 3442, 6551.750000
20171205, 3441, 6528.000000
20171204, 3440, 6808.250000
20171201, 3437, 6815.500000
20171130, 3436, 6766.750000
20171129, 3435, 6750.750000
20171128, 3434, 6807.250000
20171127, 3433, 6928.250000
20171124, 3430, 7018.500000
20171123, 3429, 6971.500000
20171122, 3428, 6937.750000
20171121, 3427, 6920.250000
20171120, 3426, 6838.500000
20171117, 3423, 6798.500000
20171116, 3422, 6753.000000
20171115, 3421, 6751.250000
20171114, 3420, 6771.500000
20171113, 3419, 6897.750000
20171110, 3416, 6794.750000
20171109, 3415, 6828.000000
20171108, 3414, 6850.500000
20171107, 3413, 6826.000000
20171106, 3412, 6971.500000
20171103, 3409, 6881.250000
20171102, 3408, 6930.250000
20171101, 3407, 6929.250000
20171031, 3406, 6860.250000
20171030, 3405, 6861.500000
20171027, 3402, 6843.750000
20171026, 3401, 6999.250000
20171025, 3400, 7010.750000
20171024, 3399, 7043.500000
20171023, 3398, 7012.000000
20171020, 3395, 6970.500000
20171019, 3394, 6973.250000
20171018, 3393, 6990.750000
20171017, 3392, 7038.500000
20171016, 3391, 7131.500000
20171013, 3388, 6890.000000
20171012, 3387, 6875.000000
20171011, 3386, 6812.500000
20171010, 3385, 6751.250000
20171009, 3384, 6671.250000
20171006, 3381, 6656.000000
20171005, 3380, 6694.250000
20171004, 3379, 6511.250000
20171003, 3378, 6512.500000
20171002, 3377, 6494.500000
20170929, 3374, 6504.250000
20170928, 3373, 6550.500000
20170927, 3372, 6445.500000
20170926, 3371, 6431.750000
20170925, 3370, 6465.250000
20170922, 3367, 6475.500000
20170921, 3366, 6455.500000
20170920, 3365, 6534.750000
20170919, 3364, 6530.750000
20170918, 3363, 6529.500000
20170915, 3360, 6491.750000
20170914, 3359, 6504.250000
20170913, 3358, 6554.250000
20170912, 3357, 6674.000000
20170911, 3356, 6747.000000
20170908, 3353, 6679.500000
20170907, 3352, 6913.500000
20170906, 3351, 6922.250000
20170905, 3350, 6861.750000
20170904, 3349, 6922.000000
20170901, 3346, 6846.750000
20170831, 3345, 6812.500000
20170830, 3344, 6776.250000
20170829, 3343, 6803.750000
20170825, 3339, 6701.250000
20170824, 3338, 6700.750000
20170823, 3337, 6583.000000
20170822, 3336, 6587.000000
20170821, 3335, 6573.500000
20170818, 3332, 6481.250000
20170817, 3331, 6474.500000
20170816, 3330, 6529.000000
20170815, 3329, 6363.500000
20170814, 3328, 6405.000000
20170811, 3325, 6426.500000
20170810, 3324, 6401.500000
20170809, 3323, 6454.250000
20170808, 3322, 6479.750000
20170807, 3321, 6416.750000
20170804, 3318, 6360.000000
20170803, 3317, 6344.750000
20170802, 3316, 6352.750000
20170801, 3315, 6347.250000
20170731, 3314, 6375.000000
20170728, 3311, 6343.750000
20170727, 3310, 6321.750000
20170726, 3309, 6304.250000
20170725, 3308, 6263.750000
20170724, 3307, 6031.500000
20170721, 3304, 5996.750000
20170720, 3303, 5976.000000
20170719, 3302, 5966.000000
20170718, 3301, 6004.750000
20170717, 3300, 6003.250000
20170714, 3297, 5926.250000
20170713, 3296, 5866.000000
20170712, 3295, 5904.250000
20170711, 3294, 5879.250000
20170710, 3293, 5832.500000
20170707, 3290, 5829.500000
20170706, 3289, 5848.750000
20170705, 3288, 5847.250000
20170704, 3287, 5888.250000
20170703, 3286, 5914.000000
20170630, 3283, 5955.500000
20170629, 3282, 5923.750000
20170628, 3281, 5878.750000
20170627, 3280, 5847.750000
20170626, 3279, 5798.750000
20170623, 3276, 5796.250000
20170622, 3275, 5740.500000
20170621, 3274, 5727.000000
20170620, 3273, 5667.500000
20170619, 3272, 5725.000000
20170616, 3269, 5671.750000
20170615, 3268, 5675.500000
20170614, 3267, 5665.250000
20170613, 3266, 5728.250000
20170612, 3265, 5759.750000
20170609, 3262, 5831.750000
20170608, 3261, 5745.250000
20170607, 3260, 5626.250000
20170606, 3259, 5617.500000
20170605, 3258, 5646.750000
20170602, 3255, 5685.500000
20170601, 3254, 5702.500000
20170531, 3253, 5694.250000
20170530, 3252, 5659.500000
20170526, 3248, 5665.250000
20170525, 3247, 5726.000000
20170524, 3246, 5702.500000
20170523, 3245, 5722.000000
20170522, 3244, 5718.500000
20170519, 3241, 5687.250000
20170518, 3240, 5580.750000
20170517, 3239, 5613.000000
20170516, 3238, 5624.750000
20170515, 3237, 5606.500000
20170512, 3234, 5569.000000
20170511, 3233, 5539.500000
20170510, 3232, 5507.750000
20170509, 3231, 5513.250000
20170508, 3230, 5496.000000
20170505, 3227, 5583.000000
20170504, 3226, 5539.250000
20170503, 3225, 5592.500000
20170502, 3224, 5804.000000
20170428, 3220, 5732.000000
20170427, 3219, 5711.750000
20170426, 3218, 5736.000000
20170425, 3217, 5714.500000
20170424, 3216, 5654.500000
20170421, 3213, 5639.250000
20170420, 3212, 5633.750000
20170419, 3211, 5596.000000
20170418, 3210, 5602.250000
20170413, 3205, 5682.750000
20170412, 3204, 5627.750000
20170411, 3203, 5767.500000
20170410, 3202, 5753.250000
20170407, 3199, 5845.250000
20170406, 3198, 5877.750000
20170405, 3197, 5925.000000
20170404, 3196, 5780.750000
20170403, 3195, 5754.500000
20170331, 3192, 5858.250000
20170330, 3191, 5904.500000
20170329, 3190, 5903.750000
20170328, 3189, 5890.500000
20170327, 3188, 5800.000000
20170324, 3185, 5812.750000
20170323, 3184, 5854.250000
20170322, 3183, 5834.750000
20170321, 3182, 5770.000000
20170320, 3181, 5865.500000
20170317, 3178, 5942.750000
20170316, 3177, 5913.000000
20170315, 3176, 5889.500000
20170314, 3175, 5834.000000
20170313, 3174, 5799.750000
20170310, 3171, 5733.750000
20170309, 3170, 5693.750000
20170308, 3169, 5737.500000
20170307, 3168, 5778.500000
20170306, 3167, 5852.750000
20170303, 3164, 5941.500000
20170302, 3163, 5926.750000
20170301, 3162, 6013.750000
20170228, 3161, 5982.500000
20170227, 3160, 5937.750000
20170224, 3157, 5919.250000
20170223, 3156, 5852.250000
20170222, 3155, 6031.750000
20170221, 3154, 6055.250000
20170220, 3153, 6066.250000
20170217, 3150, 5969.250000
20170216, 3149, 5991.250000
20170215, 3148, 6054.000000
20170214, 3147, 6044.250000
20170213, 3146, 6126.750000
20170210, 3143, 6087.000000
20170209, 3142, 5847.500000
20170208, 3141, 5867.250000
20170207, 3140, 5806.750000
20170206, 3139, 5846.750000
20170203, 3136, 5767.750000
20170202, 3135, 5902.750000
20170201, 3134, 5946.750000
20170131, 3133, 5976.500000
20170130, 3132, 5847.250000
20170127, 3129, 5892.250000
20170126, 3128, 5845.000000
20170125, 3127, 5944.250000
20170124, 3126, 5948.250000
20170123, 3125, 5812.000000
20170120, 3122, 5762.750000
20170119, 3121, 5736.000000
20170118, 3120, 5756.750000
20170117, 3119, 5775.250000
20170116, 3118, 5842.250000
20170113, 3115, 5910.750000
20170112, 3114, 5877.500000
20170111, 3113, 5722.500000
20170110, 3112, 5744.500000
20170109, 3111, 5587.750000
20170106, 3108, 5595.000000
20170105, 3107, 5582.250000
20170104, 3106, 5633.750000
20170103, 3105, 5483.250000
20161230, 3101, 5518.500000
20161229, 3100, 5493.000000
20161228, 3099, 5517.500000
20161223, 3094, 5472.000000
20161222, 3093, 5527.750000
20161221, 3092, 5501.750000
20161220, 3091, 5516.250000
20161219, 3090, 5501.750000
20161216, 3087, 5644.000000
20161215, 3086, 5719.250000
20161214, 3085, 5737.000000
20161213, 3084, 5721.250000
20161212, 3083, 5758.500000
20161209, 3080, 5828.000000
20161208, 3079, 5774.000000
20161207, 3078, 5830.750000
20161206, 3077, 5873.000000
20161205, 3076, 5933.000000
20161202, 3073, 5786.500000
20161201, 3072, 5793.250000
20161130, 3071, 5798.000000
20161129, 3070, 5739.750000
20161128, 3069, 5868.000000
20161125, 3066, 5917.000000
20161124, 3065, 5859.250000
20161123, 3064, 5766.500000
20161122, 3063, 5614.000000
20161121, 3062, 5557.750000
20161118, 3059, 5436.250000
20161117, 3058, 5478.750000
20161116, 3057, 5449.500000
20161115, 3056, 5524.750000
20161114, 3055, 5565.500000
20161111, 3052, 5560.750000
20161110, 3051, 5617.750000
20161109, 3050, 5419.000000
20161108, 3049, 5246.500000
20161107, 3048, 5100.000000
20161104, 3045, 4994.250000
20161103, 3044, 4956.000000
20161102, 3043, 4904.500000
20161101, 3042, 4913.750000
20161031, 3041, 4863.500000
20161028, 3038, 4847.250000
20161027, 3037, 4787.000000
20161026, 3036, 4750.750000
20161025, 3035, 4739.000000
20161024, 3034, 4644.750000
20161021, 3031, 4641.250000
20161020, 3030, 4651.250000
20161019, 3029, 4671.500000
20161018, 3028, 4672.750000
20161017, 3027, 4676.250000
20161014, 3024, 4678.250000
20161013, 3023, 4713.750000
20161012, 3022, 4809.000000
20161011, 3021, 4824.000000
20161010, 3020, 4845.000000
20161007, 3017, 4787.250000
20161006, 3016, 4761.500000
20161005, 3015, 4796.500000
20161004, 3014, 4789.250000
20161003, 3013, 4835.000000
20160930, 3010, 4872.500000
20160929, 3009, 4824.250000
20160928, 3008, 4828.500000
20160927, 3007, 4798.250000
20160926, 3006, 4843.250000
20160923, 3003, 4855.500000
20160922, 3002, 4844.750000
20160921, 3001, 4767.750000
20160920, 3000, 4781.500000
20160919, 2999, 4767.000000
20160916, 2996, 4773.500000
20160915, 2995, 4777.500000
20160914, 2994, 4771.250000
20160913, 2993, 4662.250000
20160912, 2992, 4656.500000
20160909, 2989, 4632.250000
20160908, 2988, 4664.500000
20160907, 2987, 4651.500000
20160906, 2986, 4637.750000
20160905, 2985, 4627.500000
20160902, 2982, 4615.250000
20160901, 2981, 4626.000000
20160831, 2980, 4617.000000
20160830, 2979, 4607.250000
20160826, 2975, 4618.250000
20160825, 2974, 4626.500000
20160824, 2973, 4629.500000
20160823, 2972, 4705.500000
20160822, 2971, 4757.250000
20160819, 2968, 4808.500000
20160818, 2967, 4808.000000
20160817, 2966, 4774.250000
20160816, 2965, 4812.000000
20160815, 2964, 4771.000000
20160812, 2961, 4753.000000
20160811, 2960, 4847.500000
20160810, 2959, 4820.000000
20160809, 2958, 4777.250000
20160808, 2957, 4806.000000
20160805, 2954, 4795.750000
20160804, 2953, 4833.000000
20160803, 2952, 4866.750000
20160802, 2951, 4886.250000
20160801, 2950, 4873.000000
20160729, 2947, 4918.250000
20160728, 2946, 4899.500000
20160727, 2945, 4831.500000
20160726, 2944, 4915.500000
20160725, 2943, 4913.750000
20160722, 2940, 4923.000000
20160721, 2939, 4980.250000
20160720, 2938, 4959.750000
20160719, 2937, 4982.500000
20160718, 2936, 4930.750000
20160715, 2933, 4924.750000
20160714, 2932, 4948.000000
20160713, 2931, 4935.000000
20160712, 2930, 4883.500000
20160711, 2929, 4747.500000
20160708, 2926, 4690.500000
20160707, 2925, 4686.000000
20160706, 2924, 4763.500000
20160705, 2923, 4821.500000
20160704, 2922, 4885.000000
20160701, 2919, 4907.500000
20160630, 2918, 4848.000000
20160629, 2917, 4842.000000
20160628, 2916, 4821.500000
20160627, 2915, 4703.000000
20160624, 2912, 4695.500000
20160623, 2911, 4767.000000
20160622, 2910, 4710.500000
20160621, 2909, 4697.000000
20160620, 2908, 4634.000000
20160617, 2905, 4546.500000
20160616, 2904, 4543.000000
20160615, 2903, 4641.000000
20160614, 2902, 4530.000000
20160613, 2901, 4552.500000
20160610, 2898, 4515.000000
20160609, 2897, 4535.000000
20160608, 2896, 4579.500000
20160607, 2895, 4559.500000
20160606, 2894, 4679.000000
20160603, 2891, 4683.000000
20160602, 2890, 4596.500000
20160601, 2889, 4605.500000
20160531, 2888, 4654.000000
20160527, 2884, 4687.000000
20160526, 2883, 4662.000000
20160525, 2882, 4667.000000
20160524, 2881, 4585.000000
20160523, 2880, 4565.500000
20160520, 2877, 4568.000000
20160519, 2876, 4593.000000
20160518, 2875, 4629.000000
20160517, 2874, 4640.000000
20160516, 2873, 4655.000000
20160513, 2870, 4621.500000
20160512, 2869, 4620.000000
20160511, 2868, 4690.000000
20160510, 2867, 4674.000000
20160509, 2866, 4683.000000
20160506, 2863, 4787.000000
20160505, 2862, 4769.000000
20160504, 2861, 4843.000000
20160503, 2860, 4908.000000
20160429, 2856, 5033.000000
20160428, 2855, 4931.000000
20160427, 2854, 4930.000000
20160426, 2853, 4964.000000
20160425, 2852, 4988.000000
20160422, 2849, 5032.000000
20160421, 2848, 4994.500000
20160420, 2847, 4970.000000
20160419, 2846, 4943.000000
20160418, 2845, 4823.000000
20160415, 2842, 4805.500000
20160414, 2841, 4840.000000
20160413, 2840, 4836.500000
20160412, 2839, 4780.000000
20160411, 2838, 4668.000000
20160408, 2835, 4660.500000
20160407, 2834, 4635.500000
20160406, 2833, 4773.500000
20160405, 2832, 4766.000000
20160404, 2831, 4768.500000
20160401, 2828, 4812.000000
20160331, 2827, 4854.500000
20160330, 2826, 4873.000000
20160329, 2825, 4917.000000
20160324, 2820, 4957.000000
20160323, 2819, 4958.500000
20160322, 2818, 5063.500000
20160321, 2817, 5050.000000
20160318, 2814, 5051.000000
20160317, 2813, 5068.000000
20160316, 2812, 4992.000000
20160315, 2811, 4944.500000
20160314, 2810, 4950.500000
20160311, 2807, 4948.000000
20160310, 2806, 4896.500000
20160309, 2805, 4921.000000
20160308, 2804, 4888.000000
20160307, 2803, 5002.000000
20160304, 2800, 4998.000000
20160303, 2799, 4861.000000
20160302, 2798, 4807.000000
20160301, 2797, 4735.500000
20160229, 2796, 4699.000000
20160226, 2793, 4690.500000
20160225, 2792, 4608.000000
20160224, 2791, 4665.000000
20160223, 2790, 4658.500000
20160222, 2789, 4680.000000
20160219, 2786, 4605.000000
20160218, 2785, 4591.000000
20160217, 2784, 4591.500000
20160216, 2783, 4547.000000
20160215, 2782, 4565.000000
20160212, 2779, 4491.500000
20160211, 2778, 4443.000000
20160210, 2777, 4462.000000
20160209, 2776, 4507.000000
20160208, 2775, 4619.500000
20160205, 2772, 4615.000000
20160204, 2771, 4690.500000
20160203, 2770, 4639.000000
20160202, 2769, 4545.000000
20160201, 2768, 4562.000000
20160129, 2765, 4568.000000
20160128, 2764, 4538.000000
20160127, 2763, 4577.000000
20160126, 2762, 4524.000000
20160125, 2761, 4431.500000
20160122, 2758, 4442.000000
20160121, 2757, 4436.500000
20160120, 2756, 4382.000000
20160119, 2755, 4397.000000
20160118, 2754, 4376.500000
20160115, 2751, 4330.500000
20160114, 2750, 4404.500000
20160113, 2749, 4357.000000
20160112, 2748, 4356.000000
20160111, 2747, 4384.000000
20160108, 2744, 4473.000000
20160107, 2743, 4485.500000
20160106, 2742, 4618.000000
20160105, 2741, 4645.000000
20160104, 2740, 4607.500000
20151231, 2736, 4688.000000
20151230, 2735, 4742.000000
20151229, 2734, 4730.000000
20151224, 2729, 4692.500000
20151223, 2728, 4715.000000
20151222, 2727, 4675.000000
20151221, 2726, 4745.000000
20151218, 2723, 4673.000000
20151217, 2722, 4550.000000
20151216, 2721, 4605.000000
20151215, 2720, 4572.500000
20151214, 2719, 4680.000000
20151211, 2716, 4677.000000
20151210, 2715, 4590.500000
20151209, 2714, 4590.000000
20151208, 2713, 4572.000000
20151207, 2712, 4550.000000
20151204, 2709, 4611.000000
20151203, 2708, 4570.500000
20151202, 2707, 4553.000000
20151201, 2706, 4608.000000
20151130, 2705, 4571.000000
20151127, 2702, 4575.500000
20151126, 2701, 4638.000000
20151125, 2700, 4540.000000
20151124, 2699, 4620.000000
20151123, 2698, 4462.000000
20151120, 2695, 4554.000000
20151119, 2694, 4605.000000
20151118, 2693, 4602.500000
20151117, 2692, 4670.500000
20151116, 2691, 4702.500000
20151113, 2688, 4806.500000
20151112, 2687, 4840.000000
20151111, 2686, 4925.000000
20151110, 2685, 4932.000000
20151109, 2684, 4954.000000
20151106, 2681, 4978.500000
20151105, 2680, 5006.500000
20151104, 2679, 5129.500000
20151103, 2678, 5164.500000
20151102, 2677, 5118.000000
20151030, 2674, 5113.000000
20151029, 2673, 5127.500000
20151028, 2672, 5187.000000
20151027, 2671, 5207.500000
20151026, 2670, 5186.000000
20151023, 2667, 5179.000000
20151022, 2666, 5229.500000
20151021, 2665, 5191.500000
20151020, 2664, 5201.000000
20151019, 2663, 5207.000000
20151016, 2660, 5269.000000
20151015, 2659, 5325.500000
20151014, 2658, 5305.000000
20151013, 2657, 5250.000000
20151012, 2656, 5301.000000
20151009, 2653, 5299.000000
20151008, 2652, 5156.500000
20151007, 2651, 5207.500000
20151006, 2650, 5185.500000
20151005, 2649, 5190.000000
20151002, 2646, 5146.000000
20151001, 2645, 5075.000000
20150930, 2644, 5151.000000
20150929, 2643, 4981.000000
20150928, 2642, 4965.500000
20150925, 2639, 5035.000000
20150924, 2638, 5076.000000
20150923, 2637, 5055.000000
20150922, 2636, 5075.000000
20150921, 2635, 5255.000000
20150918, 2632, 5233.000000
20150917, 2631, 5394.000000
20150916, 2630, 5387.000000
20150915, 2629, 5331.500000
20150914, 2628, 5289.000000
20150911, 2625, 5380.500000
20150910, 2624, 5392.000000
20150909, 2623, 5351.500000
20150908, 2622, 5353.000000
20150907, 2621, 5135.000000
20150904, 2618, 5105.000000
20150903, 2617, 5220.000000
20150902, 2616, 5115.000000
20150901, 2615, 5066.500000
20150828, 2611, 5144.000000
20150827, 2610, 5125.000000
20150826, 2609, 4918.500000
20150825, 2608, 5055.500000
20150824, 2607, 4944.500000
20150821, 2604, 5058.500000
20150820, 2603, 5090.000000
20150819, 2602, 5002.000000
20150818, 2601, 5020.000000
20150817, 2600, 5110.500000
20150814, 2597, 5168.500000
20150813, 2596, 5177.500000
20150812, 2595, 5181.500000
20150811, 2594, 5147.500000
20150810, 2593, 5295.500000
20150807, 2590, 5156.500000
20150806, 2589, 5183.500000
20150805, 2588, 5189.500000
20150804, 2587, 5221.500000
20150803, 2586, 5189.500000
20150731, 2583, 5224.000000
20150730, 2582, 5255.000000
20150729, 2581, 5326.000000
20150728, 2580, 5306.000000
20150727, 2579, 5195.000000
20150724, 2576, 5266.500000
20150723, 2575, 5255.500000
20150722, 2574, 5355.500000
20150721, 2573, 5453.500000
20150720, 2572, 5460.000000
20150717, 2569, 5481.500000
20150716, 2568, 5546.500000
20150715, 2567, 5543.500000
20150714, 2566, 5585.500000
20150713, 2565, 5583.000000
20150710, 2562, 5582.500000
20150709, 2561, 5611.000000
20150708, 2560, 5485.000000
20150707, 2559, 5390.500000
20150706, 2558, 5566.500000
20150703, 2555, 5751.000000
20150702, 2554, 5787.500000
20150701, 2553, 5783.000000
20150630, 2552, 5763.000000
20150629, 2551, 5797.500000
20150626, 2548, 5789.000000
20150625, 2547, 5755.000000
20150624, 2546, 5768.000000
20150623, 2545, 5752.500000
20150622, 2544, 5656.000000
20150619, 2541, 5666.500000
20150618, 2540, 5747.000000
20150617, 2539, 5746.500000
20150616, 2538, 5749.000000
20150615, 2537, 5825.000000
20150612, 2534, 5913.500000
20150611, 2533, 5888.000000
20150610, 2532, 6031.000000
20150609, 2531, 5966.500000
20150608, 2530, 5957.000000
20150605, 2527, 5939.000000
20150604, 2526, 5919.000000
20150603, 2525, 6003.000000
20150602, 2524, 6040.500000
20150601, 2523, 5999.000000
20150529, 2520, 6017.000000
20150528, 2519, 6103.500000
20150527, 2518, 6098.000000
20150526, 2517, 6117.500000
20150522, 2513, 6175.500000
20150521, 2512, 6259.500000
20150520, 2511, 6215.000000
20150519, 2510, 6223.500000
20150518, 2509, 6375.000000
20150515, 2506, 6407.000000
20150514, 2505, 6403.500000
20150513, 2504, 6425.000000
20150512, 2503, 6418.000000
20150511, 2502, 6380.000000
20150508, 2499, 6391.500000
20150507, 2498, 6385.500000
20150506, 2497, 6412.000000
20150505, 2496, 6428.000000
20150501, 2492, 6423.000000
20150430, 2491, 6315.000000
20150429, 2490, 6128.000000
20150428, 2489, 6126.000000
20150427, 2488, 6096.000000
20150424, 2485, 6025.000000
20150423, 2484, 5956.000000
20150422, 2483, 5910.500000
20150421, 2482, 5932.000000
20150420, 2481, 5989.500000
20150417, 2478, 6086.500000
20150416, 2477, 6086.500000
20150415, 2476, 5960.000000
20150414, 2475, 5945.000000
20150413, 2474, 5984.000000
20150410, 2471, 6016.500000
20150409, 2470, 5995.500000
20150408, 2469, 6004.000000
20150407, 2468, 6055.000000
20150402, 2463, 5985.000000
20150401, 2462, 6035.000000
20150331, 2461, 6017.000000
20150330, 2460, 6092.500000
20150327, 2457, 6061.500000
20150326, 2456, 6154.000000
20150325, 2455, 6137.000000
20150324, 2454, 6125.500000
20150323, 2453, 6149.000000
20150320, 2450, 6040.500000
20150319, 2449, 5840.000000
20150318, 2448, 5712.500000
20150317, 2447, 5800.000000
20150316, 2446, 5855.000000
20150313, 2443, 5857.500000
20150312, 2442, 5842.000000
20150311, 2441, 5725.500000
20150310, 2440, 5756.500000
20150309, 2439, 5852.000000
20150306, 2436, 5730.500000
20150305, 2435, 5818.000000
20150304, 2434, 5835.000000
20150303, 2433, 5834.000000
20150302, 2432, 5914.000000
20150227, 2429, 5895.500000
20150226, 2428, 5900.000000
20150225, 2427, 5803.500000
20150224, 2426, 5780.000000
20150223, 2425, 5679.000000
20150220, 2422, 5699.500000
20150219, 2421, 5751.500000
20150218, 2420, 5727.000000
20150217, 2419, 5686.000000
20150216, 2418, 5740.000000
20150213, 2415, 5712.000000
20150212, 2414, 5714.000000
20150211, 2413, 5596.000000
20150210, 2412, 5612.000000
20150209, 2411, 5683.500000
20150206, 2408, 5674.000000
20150205, 2407, 5717.500000
20150204, 2406, 5705.000000
20150203, 2405, 5698.000000
20150202, 2404, 5485.000000
20150130, 2401, 5489.500000
20150129, 2400, 5425.000000
20150128, 2399, 5460.000000
20150127, 2398, 5430.500000
20150126, 2397, 5619.000000
20150123, 2394, 5516.000000
20150122, 2393, 5680.500000
20150121, 2392, 5736.500000
20150120, 2391, 5715.000000
20150119, 2390, 5662.000000
20150116, 2387, 5775.500000
20150115, 2386, 5650.750000
20150114, 2385, 5510.000000
20150113, 2384, 5771.250000
20150112, 2383, 6031.000000
20150109, 2380, 6101.500000
20150108, 2379, 6122.750000
20150107, 2378, 6125.000000
20150106, 2377, 6131.000000
20150105, 2376, 6142.000000
20150102, 2373, 6250.250000
20141231, 2371, 6285.000000
20141230, 2370, 6315.250000
20141229, 2369, 6253.000000
20141224, 2364, 6312.000000
20141223, 2363, 6333.250000
20141222, 2362, 6360.750000
20141219, 2359, 6387.000000
20141218, 2358, 6310.000000
20141217, 2357, 6365.000000
20141216, 2356, 6345.000000
20141215, 2355, 6368.000000
20141212, 2352, 6490.000000
20141211, 2351, 6453.000000
20141210, 2350, 6416.000000
20141209, 2349, 6466.500000
20141208, 2348, 6399.750000
20141205, 2345, 6438.500000
20141204, 2344, 6469.250000
20141203, 2343, 6377.250000
20141202, 2342, 6417.750000
20141201, 2341, 6449.750000
20141128, 2338, 6348.000000
20141127, 2337, 6547.000000
20141126, 2336, 6575.000000
20141125, 2335, 6590.250000
20141124, 2334, 6651.750000
20141121, 2331, 6699.250000
20141120, 2330, 6654.750000
20141119, 2329, 6680.500000
20141118, 2328, 6626.750000
20141117, 2327, 6697.750000
20141114, 2324, 6703.750000
20141113, 2323, 6606.000000
20141112, 2322, 6674.250000
20141111, 2321, 6689.500000
20141110, 2320, 6664.000000
20141107, 2317, 6697.250000
20141106, 2316, 6642.000000
20141105, 2315, 6629.750000
20141104, 2314, 6643.750000
20141103, 2313, 6735.000000
20141031, 2310, 6708.250000
20141030, 2309, 6739.500000
20141029, 2308, 6758.250000
20141028, 2307, 6789.000000
20141027, 2306, 6727.250000
20141024, 2303, 6681.000000
20141023, 2302, 6670.750000
20141022, 2301, 6632.000000
20141021, 2300, 6663.000000
20141020, 2299, 6588.250000
20141017, 2296, 6629.500000
20141016, 2295, 6586.750000
20141015, 2294, 6620.000000
20141014, 2293, 6795.250000
20141013, 2292, 6736.000000
20141010, 2289, 6701.750000
20141009, 2288, 6702.000000
20141008, 2287, 6641.750000
20141007, 2286, 6702.500000
20141006, 2285, 6712.000000
20141003, 2282, 6641.500000
20141002, 2281, 6638.000000
20141001, 2280, 6693.000000
20140930, 2279, 6655.000000
20140929, 2278, 6733.250000
20140926, 2275, 6709.500000
20140925, 2274, 6703.750000
20140924, 2273, 6746.000000
20140923, 2272, 6709.000000
20140922, 2271, 6728.000000
20140919, 2268, 6827.750000
20140918, 2267, 6834.000000
20140917, 2266, 6922.000000
20140916, 2265, 6956.000000
20140915, 2264, 6823.750000
20140912, 2261, 6861.000000
20140911, 2260, 6833.000000
20140910, 2259, 6867.750000
20140909, 2258, 6851.500000
20140908, 2257, 6988.500000
20140905, 2254, 6975.000000
20140904, 2253, 6940.500000
20140903, 2252, 6903.000000
20140902, 2251, 6950.500000
20140901, 2250, 6940.000000
20140829, 2247, 6957.250000
20140828, 2246, 6932.750000
20140827, 2245, 7025.000000
20140826, 2244, 7056.000000
20140822, 2240, 7089.000000
20140821, 2239, 7027.500000
20140820, 2238, 7016.750000
20140819, 2237, 6864.500000
20140818, 2236, 6892.250000
20140815, 2233, 6871.250000
20140814, 2232, 6825.250000
20140813, 2231, 6883.750000
20140812, 2230, 6955.000000
20140811, 2229, 6993.000000
20140808, 2226, 6995.250000
20140807, 2225, 6981.000000
20140806, 2224, 6966.750000
20140805, 2223, 7048.000000
20140804, 2222, 7141.000000
20140801, 2219, 7072.000000
20140731, 2218, 7103.000000
20140730, 2217, 7129.500000
20140729, 2216, 7074.000000
20140728, 2215, 7130.000000
20140725, 2212, 7126.000000
20140724, 2211, 7168.500000
20140723, 2210, 7048.500000
20140722, 2209, 7051.000000
20140721, 2208, 7027.500000
20140718, 2205, 6992.000000
20140717, 2204, 7070.000000
20140716, 2203, 7061.000000
20140715, 2202, 7132.250000
20140714, 2201, 7128.250000
20140711, 2198, 7159.500000
20140710, 2197, 7165.000000
20140709, 2196, 7113.250000
20140708, 2195, 7140.000000
20140707, 2194, 7137.250000
20140704, 2191, 7154.000000
20140703, 2190, 7170.000000
20140702, 2189, 7134.000000
20140701, 2188, 7007.000000
20140630, 2187, 7012.000000
20140627, 2184, 6933.750000
20140626, 2183, 6947.500000
20140625, 2182, 6921.000000
20140624, 2181, 6875.000000
20140623, 2180, 6872.000000
20140620, 2177, 6818.000000
20140619, 2176, 6732.000000
20140618, 2175, 6717.000000
20140617, 2174, 6715.000000
20140616, 2173, 6683.000000
20140613, 2170, 6642.000000
20140612, 2169, 6618.000000
20140611, 2168, 6670.000000
20140610, 2167, 6694.250000
20140609, 2166, 6674.250000
20140606, 2163, 6710.000000
20140605, 2162, 6780.250000
20140604, 2161, 6782.250000
20140603, 2160, 6864.000000
20140602, 2159, 6925.500000
20140530, 2156, 6844.000000
20140529, 2155, 6873.500000
20140528, 2154, 6938.500000
20140527, 2153, 6936.000000
20140523, 2149, 6912.000000
20140522, 2148, 6860.750000
20140521, 2147, 6835.500000
20140520, 2146, 6869.500000
20140519, 2145, 6914.250000
20140516, 2142, 6870.500000
20140515, 2141, 6866.000000
20140514, 2140, 6894.250000
20140513, 2139, 6837.750000
20140512, 2138, 6878.750000
20140509, 2135, 6754.250000
20140508, 2134, 6714.000000
20140507, 2133, 6655.000000
20140506, 2132, 6698.000000
20140502, 2128, 6724.250000
20140501, 2127, 6637.750000
20140430, 2126, 6642.750000
20140429, 2125, 6729.000000
20140428, 2124, 6745.000000
20140425, 2121, 6771.000000
20140424, 2120, 6751.000000
20140423, 2119, 6676.000000
20140422, 2118, 6657.500000
20140417, 2113, 6672.500000
20140416, 2112, 6632.250000
20140415, 2111, 6556.000000
20140414, 2110, 6657.500000
20140411, 2107, 6652.500000
20140410, 2106, 6650.000000
20140409, 2105, 6624.000000
20140408, 2104, 6679.500000
20140407, 2103, 6674.250000
20140404, 2100, 6612.500000
20140403, 2099, 6637.000000
20140402, 2098, 6668.500000
20140401, 2097, 6658.000000
20140331, 2096, 6645.250000
20140328, 2093, 6658.000000
20140327, 2092, 6561.250000
20140326, 2091, 6510.250000
20140325, 2090, 6571.500000
20140324, 2089, 6467.000000
20140321, 2086, 6477.000000
20140320, 2085, 6452.000000
20140319, 2084, 6576.750000
20140318, 2083, 6486.000000
20140317, 2082, 6478.500000
20140314, 2079, 6460.000000
20140313, 2078, 6400.250000
20140312, 2077, 6496.000000
20140311, 2076, 6483.000000
20140310, 2075, 6682.000000
20140307, 2072, 6777.000000
20140306, 2071, 7048.000000
20140305, 2070, 7028.250000
20140304, 2069, 7047.000000
20140303, 2068, 6968.000000
20140228, 2065, 7009.750000
20140227, 2064, 7030.750000
20140226, 2063, 7028.000000
20140225, 2062, 7061.000000
20140224, 2061, 7099.250000
20140221, 2058, 7149.500000
20140220, 2057, 7156.000000
20140219, 2056, 7170.000000
20140218, 2055, 7187.750000
20140217, 2054, 7180.000000
20140214, 2051, 7150.750000
20140213, 2050, 7140.750000
20140212, 2049, 7147.500000
20140211, 2048, 7106.000000
20140210, 2047, 7098.750000
20140207, 2044, 7131.250000
20140206, 2043, 7106.750000
20140205, 2042, 7030.500000
20140204, 2041, 7036.500000
20140203, 2040, 7020.000000
20140131, 2037, 7042.750000
20140130, 2036, 7097.000000
20140129, 2035, 7129.500000
20140128, 2034, 7146.500000
20140127, 2033, 7155.250000
20140124, 2030, 7183.750000
20140123, 2029, 7215.000000
20140122, 2028, 7296.750000
20140121, 2027, 7345.000000
20140120, 2026, 7314.250000
20140117, 2023, 7324.000000
20140116, 2022, 7315.750000
20140115, 2021, 7352.000000
20140114, 2020, 7297.250000
20140113, 2019, 7320.250000
20140110, 2016, 7312.000000
20140109, 2015, 7224.000000
20140108, 2014, 7316.250000
20140107, 2013, 7349.000000
20140106, 2012, 7328.500000
20140103, 2009, 7313.000000
20140102, 2008, 7385.000000
20131231, 2006, 7374.500000
20131230, 2005, 7373.750000
20131227, 2002, 7380.000000
20131224, 1999, 7282.750000
20131223, 1998, 7240.000000
20131220, 1995, 7230.750000
20131219, 1994, 7224.000000
20131218, 1993, 7275.000000
20131217, 1992, 7272.000000
20131216, 1991, 7284.250000
20131213, 1988, 7245.250000
20131212, 1987, 7218.000000
20131211, 1986, 7215.750000
20131210, 1985, 7162.000000
20131209, 1984, 7142.000000
20131206, 1981, 7111.000000
20131205, 1980, 7078.500000
20131204, 1979, 7093.000000
20131203, 1978, 6953.000000
20131202, 1977, 6977.500000
20131129, 1974, 7030.000000
20131128, 1973, 7026.250000
20131127, 1972, 7013.000000
20131126, 1971, 7071.000000
20131125, 1970, 7098.000000
20131122, 1967, 7089.500000
20131121, 1966, 7041.250000
20131120, 1965, 6974.500000
20131119, 1964, 6965.750000
20131118, 1963, 6962.000000
20131115, 1960, 7009.250000
20131114, 1959, 6992.500000
20131113, 1958, 6983.500000
20131112, 1957, 7100.000000
20131111, 1956, 7163.000000
20131108, 1953, 7158.250000
20131107, 1952, 7135.250000
20131106, 1951, 7117.000000
20131105, 1950, 7164.250000
20131104, 1949, 7163.000000
20131101, 1946, 7236.000000
20131031, 1945, 7237.000000
20131030, 1944, 7268.500000
20131029, 1943, 7198.000000
20131028, 1942, 7178.000000
20131025, 1939, 7180.500000
20131024, 1938, 7184.250000
20131023, 1937, 7174.000000
20131022, 1936, 7319.750000
20131021, 1935, 7252.500000
20131018, 1932, 7223.250000
20131017, 1931, 7232.000000
20131016, 1930, 7265.000000
20131015, 1929, 7256.500000
20131014, 1928, 7255.000000
20131011, 1925, 7196.000000
20131010, 1924, 7139.000000
20131009, 1923, 7115.000000
20131008, 1922, 7233.250000
20131007, 1921, 7238.000000
20131004, 1918, 7251.000000
20131003, 1917, 7196.000000
20131002, 1916, 7285.000000
20131001, 1915, 7188.000000
20130930, 1914, 7290.500000
20130927, 1911, 7290.000000
20130926, 1910, 7254.250000
20130925, 1909, 7187.000000
20130924, 1908, 7176.000000
20130923, 1907, 7250.000000
20130920, 1904, 7281.000000
20130919, 1903, 7325.000000
20130918, 1902, 7202.000000
20130917, 1901, 7083.750000
20130916, 1900, 7094.750000
20130913, 1897, 7064.000000
20130912, 1896, 7070.500000
20130911, 1895, 7159.000000
20130910, 1894, 7172.250000
20130909, 1893, 7203.500000
20130906, 1890, 7160.000000
20130905, 1889, 7132.000000
20130904, 1888, 7135.250000
20130903, 1887, 7251.750000
20130902, 1886, 7241.000000
20130830, 1883, 7111.000000
20130829, 1882, 7155.250000
20130828, 1881, 7260.500000
20130827, 1880, 7309.000000
20130823, 1876, 7349.000000
20130822, 1875, 7294.250000
20130821, 1874, 7267.500000
20130820, 1873, 7322.500000
20130819, 1872, 7310.000000
20130816, 1869, 7371.250000
20130815, 1868, 7351.000000
20130814, 1867, 7322.250000
20130813, 1866, 7288.250000
20130812, 1865, 7267.750000
20130809, 1862, 7270.500000
20130808, 1861, 7187.000000
20130807, 1860, 7020.000000
20130806, 1859, 6994.250000
20130805, 1858, 6989.000000
20130802, 1855, 7005.000000
20130801, 1854, 6992.000000
20130731, 1853, 6886.250000
20130730, 1852, 6725.750000
20130729, 1851, 6872.750000
20130726, 1848, 6850.250000
20130725, 1847, 7010.000000
20130724, 1846, 7015.000000
20130723, 1845, 7046.250000
20130722, 1844, 7010.000000
20130719, 1841, 6920.000000
20130718, 1840, 6908.500000
20130717, 1839, 6899.000000
20130716, 1838, 7005.000000
20130715, 1837, 6937.000000
20130712, 1834, 6947.750000
20130711, 1833, 7002.500000
20130710, 1832, 6797.000000
20130709, 1831, 6751.750000
20130708, 1830, 6832.750000
20130705, 1827, 6768.500000
20130704, 1826, 6923.500000
20130703, 1825, 6992.500000
20130702, 1824, 6927.000000
20130701, 1823, 6962.000000
20130628, 1820, 6767.000000
20130627, 1819, 6736.000000
20130626, 1818, 6735.000000
20130625, 1817, 6767.500000
20130624, 1816, 6705.000000
20130621, 1813, 6841.500000
20130620, 1812, 6772.000000
20130619, 1811, 6973.000000
20130618, 1810, 6990.250000
20130617, 1809, 7084.000000
20130614, 1806, 7085.500000
20130613, 1805, 7062.000000
20130612, 1804, 7134.000000
20130611, 1803, 7064.000000
20130610, 1802, 7165.000000
20130607, 1799, 7234.500000
20130606, 1798, 7327.000000
20130605, 1797, 7438.500000
20130604, 1796, 7430.750000
20130603, 1795, 7348.000000
20130531, 1792, 7273.000000
20130530, 1791, 7303.750000
20130529, 1790, 7286.000000
20130528, 1789, 7301.250000
20130524, 1785, 7281.250000
20130523, 1784, 7300.000000
20130522, 1783, 7438.250000
20130521, 1782, 7362.500000
20130520, 1781, 7388.500000
20130517, 1778, 7308.250000
20130516, 1777, 7259.500000
20130515, 1776, 7196.000000
20130514, 1775, 7241.750000
20130513, 1774, 7396.000000
20130510, 1771, 7393.500000
20130509, 1770, 7354.000000
20130508, 1769, 7418.000000
20130507, 1768, 7273.750000
20130503, 1764, 7287.000000
20130502, 1763, 6856.500000
20130501, 1762, 6795.000000
20130430, 1761, 7036.750000
20130429, 1760, 7123.000000
20130426, 1757, 7037.750000
20130425, 1756, 7196.500000
20130424, 1755, 6997.000000
20130423, 1754, 6815.000000
20130422, 1753, 6925.500000
20130419, 1750, 6965.000000
20130418, 1749, 7076.500000
20130417, 1748, 7044.750000
20130416, 1747, 7315.500000
20130415, 1746, 7277.250000
20130412, 1743, 7427.000000
20130411, 1742, 7591.750000
20130410, 1741, 7582.250000
20130409, 1740, 7623.500000
20130408, 1739, 7471.500000
20130405, 1736, 7420.000000
20130404, 1735, 7450.750000
20130403, 1734, 7375.000000
20130402, 1733, 7483.500000
20130328, 1728, 7532.000000
20130327, 1727, 7636.000000
20130326, 1726, 7641.500000
20130325, 1725, 7632.000000
20130322, 1722, 7668.000000
20130321, 1721, 7605.750000
20130320, 1720, 7619.000000
20130319, 1719, 7510.000000
20130318, 1718, 7567.000000
20130315, 1715, 7756.750000
20130314, 1714, 7801.000000
20130313, 1713, 7789.250000
20130312, 1712, 7828.000000
20130311, 1711, 7766.000000
20130308, 1708, 7747.500000
20130307, 1707, 7751.000000
20130306, 1706, 7700.750000
20130305, 1705, 7772.750000
20130304, 1704, 7742.500000
20130301, 1701, 7719.000000
20130228, 1700, 7814.000000
20130227, 1699, 7862.500000
20130226, 1698, 7890.500000
20130225, 1697, 7830.750000
20130222, 1694, 7817.000000
20130221, 1693, 7852.000000
20130220, 1692, 7962.000000
20130219, 1691, 8051.500000
20130218, 1690, 8126.750000
20130215, 1687, 8237.250000
20130214, 1686, 8238.750000
20130213, 1685, 8234.000000
20130212, 1684, 8240.000000
20130211, 1683, 8197.750000
20130208, 1680, 8274.250000
20130207, 1679, 8209.000000
20130206, 1678, 8233.000000
20130205, 1677, 8286.000000
20130204, 1676, 8287.250000
20130201, 1673, 8310.000000
20130131, 1672, 8200.250000
20130130, 1671, 8237.000000
20130129, 1670, 8111.000000
20130128, 1669, 8049.000000
20130125, 1666, 8039.500000
20130124, 1665, 8069.500000
20130123, 1664, 8105.000000
20130122, 1663, 8139.000000
20130121, 1662, 8055.000000
20130118, 1659, 8088.000000
20130117, 1658, 8058.000000
20130116, 1657, 7944.500000
20130115, 1656, 7989.000000
20130114, 1655, 8006.500000
20130111, 1652, 8035.750000
20130110, 1651, 8148.500000
20130109, 1650, 8063.000000
20130108, 1649, 8074.750000
20130107, 1648, 8087.000000
20130104, 1645, 8102.000000
20130103, 1644, 8145.500000
20130102, 1643, 8201.000000
20121231, 1641, 7945.000000
20121228, 1638, 7890.250000
20121227, 1637, 7914.000000
20121224, 1634, 7818.000000
20121221, 1631, 7845.000000
20121220, 1630, 7770.500000
20121219, 1629, 7922.250000
20121218, 1628, 8010.250000
20121217, 1627, 8050.500000
20121214, 1624, 8073.000000
20121213, 1623, 8042.000000
20121212, 1622, 8152.250000
20121211, 1621, 8087.500000
20121210, 1620, 8132.000000
20121207, 1617, 8036.000000
20121206, 1616, 7995.000000
20121205, 1615, 8073.000000
20121204, 1614, 8030.000000
20121203, 1613, 8010.000000
20121130, 1610, 7990.000000
20121129, 1609, 7905.000000
20121128, 1608, 7748.000000
20121127, 1607, 7791.750000
20121126, 1606, 7785.000000
20121123, 1603, 7773.250000
20121122, 1602, 7718.500000
20121121, 1601, 7717.500000
20121120, 1600, 7753.000000
20121119, 1599, 7777.500000
20121116, 1596, 7613.750000
20121115, 1595, 7650.000000
20121114, 1594, 7620.000000
20121113, 1593, 7660.000000
20121112, 1592, 7653.250000
20121109, 1589, 7577.000000
20121108, 1588, 7646.000000
20121107, 1587, 7599.250000
20121106, 1586, 7735.000000
20121105, 1585, 7650.000000
20121102, 1582, 7671.750000
20121101, 1581, 7831.250000
20121031, 1580, 7744.250000
20121030, 1579, 7735.000000
20121029, 1578, 7718.750000
20121026, 1575, 7823.000000
20121025, 1574, 7823.000000
20121024, 1573, 7859.000000
20121023, 1572, 7851.750000
20121022, 1571, 7941.750000
20121019, 1568, 7985.750000
20121018, 1567, 8200.500000
20121017, 1566, 8212.000000
20121016, 1565, 8137.500000
20121015, 1564, 8125.250000
20121012, 1561, 8118.000000
20121011, 1560, 8220.250000
20121010, 1559, 8160.500000
20121009, 1558, 8156.000000
20121008, 1557, 8178.000000
20121005, 1554, 8255.250000
20121004, 1553, 8315.000000
20121003, 1552, 8289.000000
20121002, 1551, 8317.250000
20121001, 1550, 8293.000000
20120928, 1547, 8217.750000
20120927, 1546, 8205.000000
20120926, 1545, 8141.000000
20120925, 1544, 8256.000000
20120924, 1543, 8178.250000
20120921, 1540, 8293.250000
20120920, 1539, 8258.000000
20120919, 1538, 8349.250000
20120918, 1537, 8300.000000
20120917, 1536, 8290.000000
20120914, 1533, 8386.000000
20120913, 1532, 8183.000000
20120912, 1531, 8075.500000
20120911, 1530, 8088.750000
20120910, 1529, 8066.500000
20120907, 1526, 7982.000000
20120906, 1525, 7708.750000
20120905, 1524, 7733.000000
20120904, 1523, 7628.500000
20120903, 1522, 7660.750000
20120831, 1519, 7588.250000
20120830, 1518, 7567.250000
20120829, 1517, 7574.750000
20120828, 1516, 7609.750000
20120824, 1512, 7657.000000
20120823, 1511, 7641.000000
20120822, 1510, 7593.000000
20120821, 1509, 7585.500000
20120820, 1508, 7448.000000
20120817, 1505, 7537.250000
20120816, 1504, 7462.250000
20120815, 1503, 7399.500000
20120814, 1502, 7417.500000
20120813, 1501, 7400.000000
20120810, 1498, 7486.000000
20120809, 1497, 7540.000000
20120808, 1496, 7525.000000
20120807, 1495, 7589.000000
20120806, 1494, 7475.250000
20120803, 1491, 7427.000000
20120802, 1490, 7288.250000
20120801, 1489, 7444.250000
20120731, 1488, 7540.000000
20120730, 1487, 7540.000000
20120727, 1484, 7566.250000
20120726, 1483, 7468.750000
20120725, 1482, 7479.000000
20120724, 1481, 7388.250000
20120723, 1480, 7433.000000
20120720, 1477, 7571.000000
20120719, 1476, 7770.000000
20120718, 1475, 7640.000000
20120717, 1474, 7626.000000
20120716, 1473, 7693.750000
20120713, 1470, 7715.000000
20120712, 1469, 7549.250000
20120711, 1468, 7573.250000
20120710, 1467, 7495.750000
20120709, 1466, 7567.000000
20120706, 1463, 7523.250000
20120705, 1462, 7682.000000
20120704, 1461, 7714.250000
20120703, 1460, 7780.000000
20120702, 1459, 7632.500000
20120629, 1456, 7733.250000
20120628, 1455, 7388.000000
20120627, 1454, 7416.250000
20120626, 1453, 7355.000000
20120625, 1452, 7384.500000
20120622, 1449, 7336.500000
20120621, 1448, 7352.000000
20120618, 1445, 7498.250000
20120615, 1442, 7499.250000
20120614, 1441, 7406.500000
20120613, 1440, 7378.750000
20120612, 1439, 7385.000000
20120611, 1438, 7412.500000
20120608, 1435, 7287.000000
20120607, 1434, 7492.500000
20120606, 1433, 7413.000000
20120601, 1428, 7378.500000
20120531, 1427, 7440.000000
20120530, 1426, 7491.000000
20120529, 1425, 7686.000000
20120528, 1424, 7715.500000
20120525, 1421, 7673.000000
20120524, 1420, 7656.500000
20120523, 1419, 7578.000000
20120522, 1418, 7786.000000
20120521, 1417, 7780.000000
20120518, 1414, 7696.000000
20120517, 1413, 7690.500000
20120514, 1410, 7900.000000
20120511, 1407, 8098.000000
20120510, 1406, 8191.000000
20120509, 1405, 8136.000000
20120508, 1404, 8158.500000
20120504, 1400, 8218.500000
20120503, 1399, 8259.500000
20120502, 1398, 8329.000000
20120501, 1397, 8472.000000
20120430, 1396, 8459.500000
20120427, 1393, 8494.000000
20120426, 1392, 8388.000000
20120425, 1391, 8264.000000
20120424, 1390, 8213.000000
20120423, 1389, 8092.000000
20120420, 1386, 8222.000000
20120419, 1385, 8072.000000
20120416, 1382, 8049.500000
20120413, 1379, 8044.750000
20120412, 1378, 8263.250000
20120411, 1377, 8075.000000
20120410, 1376, 8055.500000
20120405, 1371, 8381.000000
20120404, 1370, 8357.500000
20120403, 1369, 8636.000000
20120402, 1368, 8669.000000
20120330, 1365, 8469.000000
20120329, 1364, 8376.500000
20120328, 1363, 8364.000000
20120327, 1362, 8553.500000
20120326, 1361, 8561.500000
20120323, 1358, 8399.500000
20120322, 1357, 8312.500000
20120319, 1354, 8601.500000
20120316, 1351, 8531.000000
20120315, 1350, 8583.000000
20120314, 1349, 8474.500000
20120313, 1348, 8563.000000
20120312, 1347, 8450.000000
20120309, 1344, 8503.500000
20120308, 1343, 8333.000000
20120307, 1342, 8295.750000
20120306, 1341, 8288.750000
20120305, 1340, 8503.500000
20120302, 1337, 8580.250000
20120301, 1336, 8628.000000
20120229, 1335, 8497.000000
20120228, 1334, 8605.500000
20120227, 1333, 8552.500000
20120224, 1330, 8549.000000
20120223, 1329, 8395.750000
20120222, 1328, 8436.250000
20120221, 1327, 8447.750000
20120220, 1326, 8234.500000
20120217, 1323, 8174.000000
20120216, 1322, 8294.000000
20120213, 1319, 8404.250000
20120210, 1316, 8461.250000
20120209, 1315, 8738.750000
20120208, 1314, 8557.500000
20120207, 1313, 8459.750000
20120206, 1312, 8478.250000
20120203, 1309, 8544.000000
20120202, 1308, 8327.750000
20120201, 1307, 8425.750000
20120131, 1306, 8307.000000
20120130, 1305, 8420.750000
20120127, 1302, 8519.250000
20120126, 1301, 8585.500000
20120125, 1300, 8380.000000
20120124, 1299, 8352.500000
20120123, 1298, 8362.000000
20120120, 1295, 8216.000000
20120119, 1294, 8363.250000
20120116, 1291, 8077.000000
20120113, 1288, 7991.250000
20120112, 1287, 7995.750000
20120111, 1286, 7768.500000
20120110, 1285, 7733.250000
20120109, 1284, 7487.000000
20120106, 1281, 7568.750000
20120105, 1280, 7529.000000
20120104, 1279, 7531.250000
20120103, 1278, 7782.250000
20111230, 1274, 7595.000000
20111229, 1273, 7418.750000
20111228, 1272, 7460.000000
20111223, 1267, 7643.500000
20111222, 1266, 7541.500000
20111219, 1263, 7243.250000
20111216, 1260, 7329.250000
20111215, 1259, 7193.000000
20111214, 1258, 7189.500000
20111213, 1257, 7579.750000
20111212, 1256, 7585.250000
20111209, 1253, 7796.250000
20111208, 1252, 7690.250000
20111207, 1251, 7799.500000
20111206, 1250, 7816.250000
20111205, 1249, 7922.000000
20111202, 1246, 7871.250000
20111201, 1245, 7772.000000
20111130, 1244, 7869.750000
20111129, 1243, 7475.250000
20111128, 1242, 7482.000000
20111125, 1239, 7217.250000
20111124, 1238, 7251.500000
20111123, 1237, 7226.000000
20111122, 1236, 7316.000000
20111121, 1235, 7297.000000
20111118, 1232, 7513.750000
20111117, 1231, 7530.750000
20111114, 1228, 7739.000000
20111111, 1225, 7621.000000
20111110, 1224, 7458.250000
20111109, 1223, 7609.000000
20111108, 1222, 7786.000000
20111107, 1221, 7810.000000
20111104, 1218, 7856.250000
20111103, 1217, 7905.750000
20111102, 1216, 7874.500000
20111101, 1215, 7719.500000
20111031, 1214, 7986.000000
20111028, 1211, 8174.500000
20111027, 1210, 8149.000000
20111026, 1209, 7682.000000
20111025, 1208, 7530.000000
20111024, 1207, 7636.500000
20111021, 1204, 7143.500000
20111020, 1203, 6729.000000
20111017, 1200, 7481.000000
20111014, 1197, 7533.000000
20111013, 1196, 7294.250000
20111012, 1195, 7510.000000
20111011, 1194, 7274.000000
20111010, 1193, 7479.000000
20111007, 1190, 7353.250000
20111006, 1189, 7211.750000
20111005, 1188, 6805.750000
20111004, 1187, 6784.750000
20111003, 1186, 6974.750000
20110930, 1183, 7004.500000
20110929, 1182, 7217.250000
20110928, 1181, 7240.000000
20110927, 1180, 7588.750000
20110926, 1179, 7261.750000
20110923, 1176, 7354.500000
20110922, 1175, 7663.250000
20110919, 1172, 8339.000000
20110916, 1169, 8671.750000
20110915, 1168, 8687.500000
20110914, 1167, 8606.750000
20110913, 1166, 8748.750000
20110912, 1165, 8735.250000
20110909, 1162, 8803.250000
20110908, 1161, 9100.000000
20110907, 1160, 9078.000000
20110906, 1159, 8918.000000
20110905, 1158, 8945.000000
20110902, 1155, 9062.250000
20110901, 1154, 9132.250000
20110831, 1153, 9263.750000
20110830, 1152, 9150.500000
20110826, 1148, 9066.750000
20110825, 1147, 9022.000000
20110824, 1146, 8866.000000
20110823, 1145, 8838.750000
20110822, 1144, 8708.500000
20110819, 1141, 8813.750000
20110818, 1140, 8759.750000
20110815, 1137, 8888.250000
20110812, 1134, 8845.500000
20110811, 1133, 8860.000000
20110810, 1132, 8574.750000
20110809, 1131, 8712.750000
20110808, 1130, 8763.750000
20110805, 1127, 9021.000000
20110804, 1126, 9334.000000
20110803, 1125, 9514.750000
20110802, 1124, 9662.000000
20110801, 1123, 9633.500000
20110729, 1120, 9815.500000
20110728, 1119, 9799.000000
20110727, 1118, 9763.250000
20110726, 1117, 9805.500000
20110725, 1116, 9640.250000
20110722, 1113, 9661.750000
20110721, 1112, 9667.000000
20110718, 1109, 9672.750000
20110715, 1106, 9651.500000
20110714, 1105, 9610.250000
20110713, 1104, 9630.750000
20110712, 1103, 9631.750000
20110711, 1102, 9552.000000
20110708, 1099, 9647.500000
20110707, 1098, 9728.000000
20110706, 1097, 9509.000000
20110705, 1096, 9529.250000
20110704, 1095, 9446.000000
20110701, 1092, 9437.000000
20110630, 1091, 9422.000000
20110629, 1090, 9320.000000
20110628, 1089, 9068.000000
20110627, 1088, 8966.500000
20110624, 1085, 9043.500000
20110623, 1084, 8962.000000
20110622, 1083, 9017.250000
20110621, 1082, 9080.750000
20110620, 1081, 9005.000000
20110617, 1078, 9094.500000
20110616, 1077, 9064.250000
20110613, 1074, 8896.250000
20110610, 1071, 8924.000000
20110609, 1070, 9041.000000
20110608, 1069, 9017.250000
20110607, 1068, 9128.750000
20110606, 1067, 9125.000000
20110603, 1064, 9090.250000
20110602, 1063, 8910.000000
20110601, 1062, 9094.000000
20110531, 1061, 9206.250000
20110527, 1057, 9192.750000
20110526, 1056, 9015.000000
20110525, 1055, 9064.500000
20110524, 1054, 8856.000000
20110523, 1053, 8784.000000
20110520, 1050, 9058.000000
20110519, 1049, 8936.000000
20110516, 1046, 8816.000000
20110513, 1043, 8770.250000
20110512, 1042, 8713.250000
20110511, 1041, 8682.250000
20110510, 1040, 8891.250000
20110509, 1039, 8869.500000
20110506, 1036, 8811.250000
20110505, 1035, 8798.250000
20110504, 1034, 9101.500000
20110503, 1033, 9328.750000
20110428, 1028, 9303.000000
20110427, 1027, 9305.000000
20110426, 1026, 9530.500000
20110421, 1021, 9691.000000
20110418, 1018, 9203.500000
20110415, 1015, 9384.750000
20110414, 1014, 9390.250000
20110413, 1013, 9490.750000
20110412, 1012, 9606.500000
20110411, 1011, 9839.500000
20110408, 1008, 9859.250000
20110407, 1007, 9654.500000
20110406, 1006, 9591.000000
20110405, 1005, 9375.000000
20110404, 1004, 9317.000000
20110401, 1001, 9349.250000
20110331, 1000, 9420.000000
20110330, 999, 9371.000000
20110329, 998, 9576.000000
20110328, 997, 9525.500000
20110325, 994, 9677.000000
20110324, 993, 9709.000000
20110323, 992, 9722.500000
20110322, 991, 9486.000000
20110321, 990, 9393.000000
20110318, 987, 9513.500000
20110317, 986, 9567.500000
20110314, 983, 9172.750000
20110311, 980, 9171.000000
20110310, 979, 9171.000000
20110309, 978, 9254.000000
20110308, 977, 9511.000000
20110307, 976, 9484.000000
20110304, 973, 9882.500000
20110303, 972, 9902.500000
20110302, 971, 9879.000000
20110301, 970, 9851.000000
20110228, 969, 9882.500000
20110225, 966, 9761.000000
20110224, 965, 9497.000000
20110223, 964, 9417.750000
20110222, 963, 9574.000000
20110221, 962, 9808.000000
20110218, 959, 9860.000000
20110217, 958, 9806.500000
20110214, 955, 10179.500000
20110211, 952, 9975.500000
20110210, 951, 9950.000000
20110209, 950, 9934.500000
20110208, 949, 10073.000000
20110207, 948, 10056.000000
20110204, 945, 10067.000000
20110203, 944, 9947.500000
20110202, 943, 9966.500000
20110201, 942, 9973.000000
20110131, 941, 9770.500000
20110128, 938, 9548.500000
20110127, 937, 9455.500000
20110126, 936, 9343.000000
20110125, 935, 9265.000000
20110124, 934, 9548.500000
20110121, 931, 9462.500000
20110120, 930, 9372.000000
20110117, 927, 9648.000000
20110114, 924, 9662.000000
20110113, 923, 9622.500000
20110112, 922, 9697.750000
20110111, 921, 9524.500000
20110110, 920, 9333.000000
20110107, 917, 9436.000000
20110106, 916, 9492.500000
20110105, 915, 9586.000000
20110104, 914, 9619.250000
20101231, 910, 9644.000000
20101230, 909, 9535.500000
20101229, 908, 9442.000000
20101224, 903, 9388.000000
20101223, 902, 9341.000000
20101222, 901, 9393.000000
20101221, 900, 9401.000000
20101220, 899, 9235.000000
20101217, 896, 9104.000000
20101216, 895, 9021.500000
20101213, 892, 9295.000000
20101210, 889, 9033.000000
20101209, 888, 8987.500000
20101208, 887, 9048.000000
20101207, 886, 8911.000000
20101206, 885, 8816.500000
20101203, 882, 8768.000000
20101202, 881, 8774.000000
20101201, 880, 8647.000000
20101130, 879, 8416.000000
20101129, 878, 8266.000000
20101126, 875, 8287.000000
20101125, 874, 8388.000000
20101124, 873, 8286.000000
20101123, 872, 8170.000000
20101122, 871, 8317.500000
20101119, 868, 8431.000000
20101118, 867, 8449.000000
20101115, 864, 8670.000000
20101112, 861, 8628.000000
20101111, 860, 8835.750000
20101110, 859, 8766.500000
20101109, 858, 8862.500000
20101108, 857, 8663.000000
20101105, 854, 8653.000000
20101104, 853, 8596.000000
20101103, 852, 8312.000000
20101102, 851, 8427.000000
20101101, 850, 8291.000000
20101029, 847, 8191.250000
20101028, 846, 8334.000000
20101027, 845, 8296.000000
20101026, 844, 8508.750000
20101025, 843, 8514.500000
20101022, 840, 8326.000000
20101021, 839, 8298.500000
20101018, 836, 8426.000000
20101015, 833, 8381.500000
20101014, 832, 8388.000000
20101013, 831, 8354.250000
20101012, 830, 8342.250000
20101011, 829, 8285.000000
20101008, 826, 8306.000000
20101007, 825, 8089.500000
20101006, 824, 8246.250000
20101005, 823, 8164.250000
20101004, 822, 8053.500000
20101001, 819, 8093.000000
20100930, 818, 8010.000000
20100929, 817, 8063.500000
20100928, 816, 7951.000000
20100927, 815, 7911.000000
20100924, 812, 7949.500000
20100923, 811, 7887.500000
20100922, 810, 7844.000000
20100921, 809, 7676.000000
20100920, 808, 7711.500000
20100917, 805, 7718.750000
20100916, 804, 7697.250000
20100913, 801, 7617.750000
20100910, 798, 7471.250000
20100909, 797, 7540.250000
20100908, 796, 7659.750000
20100907, 795, 7615.000000
20100906, 794, 7695.500000
20100903, 791, 7635.500000
20100902, 790, 7625.750000
20100901, 789, 7598.250000
20100831, 788, 7432.250000
20100827, 784, 7453.250000
20100826, 783, 7298.000000
20100825, 782, 7089.500000
20100824, 781, 7125.000000
20100823, 780, 7244.500000
20100820, 777, 7245.000000
20100819, 776, 7294.000000
20100816, 773, 7224.500000
20100813, 770, 7132.750000
20100812, 769, 7231.250000
20100811, 768, 7175.250000
20100810, 767, 7276.500000
20100809, 766, 7402.500000
20100806, 763, 7348.750000
20100805, 762, 7375.750000
20100804, 761, 7484.000000
20100803, 760, 7405.750000
20100802, 759, 7493.000000
20100730, 756, 7281.750000
20100729, 755, 7216.500000
20100728, 754, 7156.250000
20100727, 753, 7044.500000
20100726, 752, 7136.500000
20100723, 749, 7018.250000
20100722, 748, 7002.750000
20100719, 745, 6494.750000
20100716, 742, 6468.750000
20100715, 741, 6661.500000
20100714, 740, 6706.000000
20100713, 739, 6666.000000
20100712, 738, 6610.750000
20100709, 735, 6743.250000
20100708, 734, 6595.500000
20100707, 733, 6623.750000
20100706, 732, 6584.000000
20100705, 731, 6446.750000
20100702, 728, 6387.750000
20100701, 727, 6307.250000
20100630, 726, 6492.750000
20100629, 725, 6472.000000
20100628, 724, 6849.250000
20100625, 721, 6751.750000
20100624, 720, 6675.500000
20100623, 719, 6497.000000
20100622, 718, 6592.250000
20100621, 717, 6586.500000
20100618, 714, 6418.750000
20100617, 713, 6430.500000
20100614, 710, 6635.250000
20100611, 707, 6455.500000
20100610, 706, 6381.750000
20100609, 705, 6311.750000
20100608, 704, 6135.000000
20100607, 703, 6069.500000
20100604, 700, 6251.000000
20100603, 699, 6497.000000
20100602, 698, 6641.750000
20100601, 697, 6724.250000
20100528, 693, 6917.000000
20100527, 692, 6961.750000
20100526, 691, 6756.750000
20100525, 690, 6710.000000
20100524, 689, 6892.500000
20100521, 686, 6830.500000
20100520, 685, 6591.250000
20100517, 682, 6435.500000
20100514, 679, 6894.500000
20100513, 678, 7128.250000
20100512, 677, 6992.750000
20100511, 676, 7018.250000
20100510, 675, 7089.750000
20100507, 672, 6916.250000
20100506, 671, 6917.250000
20100505, 670, 6928.250000
20100504, 669, 6996.000000
20100430, 665, 7404.000000
20100429, 664, 7328.000000
20100428, 663, 7373.000000
20100427, 662, 7463.250000
20100426, 661, 7783.750000
20100423, 658, 7725.000000
20100422, 657, 7666.250000
20100419, 654, 7663.000000
20100416, 651, 7728.500000
20100415, 650, 7914.500000
20100414, 649, 7920.000000
20100413, 648, 7870.250000
20100412, 647, 7875.500000
20100409, 644, 7897.000000
20100408, 643, 7865.750000
20100407, 642, 7921.250000
20100406, 641, 7967.250000
20100401, 636, 7863.000000
20100331, 635, 7767.750000
20100330, 634, 7826.000000
20100329, 633, 7745.000000
20100326, 630, 7491.750000
20100325, 629, 7411.750000
20100324, 628, 7348.250000
20100323, 627, 7417.250000
20100322, 626, 7427.250000
20100319, 623, 7414.000000
20100318, 622, 7467.000000
20100315, 619, 7271.500000
20100312, 616, 7412.500000
20100311, 615, 7432.000000
20100310, 614, 7408.750000
20100309, 613, 7479.000000
20100308, 612, 7441.250000
20100305, 609, 7519.500000
20100304, 608, 7371.500000
20100303, 607, 7555.750000
20100302, 606, 7467.500000
20100301, 605, 7377.000000
20100226, 602, 7175.000000
20100225, 601, 6979.000000
20100224, 600, 7134.000000
20100223, 599, 7114.000000
20100222, 598, 7313.500000
20100219, 595, 7416.500000
20100218, 594, 7248.500000
20100215, 591, 6846.750000
20100212, 588, 6795.750000
20100211, 587, 6922.000000
20100210, 586, 6515.500000
20100209, 585, 6570.500000
20100208, 584, 6430.500000
20100205, 581, 6262.500000
20100204, 580, 6371.000000
20100203, 579, 6572.500000
20100202, 578, 6800.000000
20100201, 577, 6774.750000
20100129, 574, 6730.250000
20100128, 573, 6883.500000
20100127, 572, 7214.750000
20100126, 571, 7366.000000
20100125, 570, 7450.250000
20100122, 567, 7375.750000
20100121, 566, 7259.250000
20100118, 563, 7474.250000
20100115, 560, 7403.250000
20100114, 559, 7466.250000
20100113, 558, 7462.000000
20100112, 557, 7430.500000
20100111, 556, 7542.000000
20100108, 553, 7437.500000
20100107, 552, 7511.250000
20100106, 551, 7638.000000
20100105, 550, 7458.750000
20100104, 549, 7475.250000
20091231, 545, 7351.500000
20091230, 544, 7305.500000
20091229, 543, 7251.750000
20091224, 538, 7051.000000
20091223, 537, 6980.250000
20091222, 536, 6859.500000
20091221, 535, 6912.750000
20091218, 532, 6822.000000
20091217, 531, 6848.000000
20091214, 528, 6872.000000
20091211, 525, 6796.500000
20091210, 524, 6771.500000
20091209, 523, 6907.500000
20091208, 522, 6939.000000
20091207, 521, 6962.500000
20091204, 518, 7007.500000
20091203, 517, 7049.750000
20091202, 516, 7096.250000
20091201, 515, 7050.000000
20091130, 514, 6904.750000
20091127, 511, 6829.000000
20091126, 510, 6795.000000
20091125, 509, 6959.750000
20091124, 508, 6845.000000
20091123, 507, 6924.000000
20091120, 504, 6824.750000
20091119, 503, 6774.750000
20091116, 500, 6830.750000
20091113, 497, 6501.000000
20091112, 496, 6481.250000
20091111, 495, 6518.500000
20091110, 494, 6509.500000
20091109, 493, 6519.750000
20091106, 490, 6473.250000
20091105, 489, 6514.750000
20091104, 488, 6557.500000
20091103, 487, 6442.250000
20091102, 486, 6537.500000
20091030, 483, 6463.250000
20091029, 482, 6648.000000
20091028, 481, 6413.500000
20091027, 480, 6564.000000
20091026, 479, 6595.000000
20091023, 476, 6635.250000
20091022, 475, 6576.500000
20091019, 472, 6453.000000
20091016, 469, 6210.500000
20091015, 468, 6269.750000
20091014, 467, 6203.000000
20091013, 466, 6122.500000
20091012, 465, 6263.000000
20091009, 462, 6219.500000
20091008, 461, 6315.250000
20091007, 460, 6079.000000
20091006, 459, 6101.000000
20091005, 458, 5905.750000
20091002, 455, 5865.750000
20091001, 454, 5974.500000
20090930, 453, 6153.500000
20090929, 452, 5969.000000
20090928, 451, 6003.000000
20090925, 448, 5983.000000
20090924, 447, 5952.500000
20090923, 446, 6118.750000
20090922, 445, 6261.000000
20090921, 444, 6179.250000
20090918, 441, 6163.750000
20090917, 440, 6374.750000
20090914, 437, 6123.750000
20090911, 434, 6235.500000
20090910, 433, 6279.000000
20090909, 432, 6402.500000
20090908, 431, 6467.250000
20090907, 430, 6317.500000
20090904, 427, 6267.500000
20090903, 426, 6247.000000
20090902, 425, 6165.500000
20090901, 424, 6193.500000
20090828, 420, 6470.500000
20090827, 419, 6265.000000
20090826, 418, 6287.000000
20090825, 417, 6309.500000
20090824, 416, 6429.500000
20090821, 413, 6277.500000
20090820, 412, 6057.500000
20090817, 409, 6054.500000
20090814, 406, 6252.500000
20090813, 405, 6384.500000
20090812, 404, 6193.000000
20090811, 403, 6034.500000
20090810, 402, 6130.000000
20090807, 399, 6146.000000
20090806, 398, 6022.500000
20090805, 397, 6201.000000
20090804, 396, 6051.000000
20090803, 395, 6006.000000
20090731, 392, 5724.000000
20090730, 391, 5610.000000
20090729, 390, 5415.000000
20090728, 389, 5525.000000
20090727, 388, 5602.000000
20090724, 385, 5524.000000
20090723, 384, 5530.500000
20090722, 383, 5494.000000
20090721, 382, 5390.500000
20090720, 381, 5342.750000
20090717, 378, 5306.500000
20090716, 377, 5256.500000
20090713, 374, 4898.500000
20090710, 371, 4857.000000
20090709, 370, 4884.500000
20090708, 369, 4713.000000
20090707, 368, 4869.500000
20090706, 367, 4958.500000
20090703, 364, 4970.000000
20090702, 363, 5023.250000
20090701, 362, 5078.000000
20090630, 361, 4954.000000
20090629, 360, 5087.000000
20090626, 357, 5024.000000
20090625, 356, 5121.000000
20090624, 355, 5041.500000
20090623, 354, 4790.250000
20090622, 353, 4747.000000
20090619, 350, 5017.500000
20090618, 349, 4956.500000
20090615, 346, 4981.500000
20090612, 343, 5212.500000
20090611, 342, 5355.250000
20090610, 341, 5150.250000
20090609, 340, 5153.000000
20090608, 339, 4963.500000
20090605, 336, 4963.000000
20090604, 335, 5008.250000
20090603, 334, 4904.500000
20090602, 333, 5036.000000
20090601, 332, 5063.250000
20090529, 329, 4819.000000
20090528, 328, 4740.500000
20090527, 327, 4660.500000
20090526, 326, 4662.000000
20090522, 322, 4607.500000
20090521, 321, 4460.250000
20090518, 318, 4508.500000
20090515, 315, 4447.000000
20090514, 314, 4441.000000
20090513, 313, 4428.250000
20090512, 312, 4576.250000
20090511, 311, 4544.500000
20090508, 308, 4670.000000
20090507, 307, 4703.500000
20090506, 306, 4747.500000
20090505, 305, 4533.500000
20090501, 301, 4608.500000
20090430, 300, 4436.750000
20090429, 299, 4375.500000
20090428, 298, 4186.500000
20090427, 297, 4350.500000
20090424, 294, 4483.000000
20090423, 293, 4344.500000
20090422, 292, 4552.000000
20090421, 291, 4516.000000
20090420, 290, 4591.000000
20090417, 287, 4820.000000
20090416, 286, 4730.000000
20090409, 279, 4529.250000
20090408, 278, 4369.750000
20090407, 277, 4351.750000
20090406, 276, 4244.750000
20090403, 273, 4278.750000
20090402, 272, 4124.500000
20090401, 271, 4031.750000
20090331, 270, 4010.500000
20090330, 269, 3879.250000
20090327, 266, 4021.750000
20090326, 265, 4057.250000
20090325, 264, 3936.750000
20090324, 263, 3948.000000
20090323, 262, 4033.000000
20090320, 259, 3931.500000
20090319, 258, 3975.000000
20090316, 255, 3800.750000
20090313, 252, 3641.000000
20090312, 251, 3549.500000
20090311, 250, 3560.250000
20090310, 249, 3692.250000
20090309, 248, 3584.750000
20090306, 245, 3698.250000
20090305, 244, 3665.500000
20090304, 243, 3728.000000
20090303, 242, 3520.000000
20090302, 241, 3362.250000
20090227, 238, 3426.500000
20090226, 237, 3477.000000
20090225, 236, 3385.750000
20090224, 235, 3259.500000
20090223, 234, 3205.750000
20090220, 231, 3125.250000
20090219, 230, 3265.250000
20090216, 227, 3290.750000
20090213, 224, 3392.500000
20090212, 223, 3378.000000
20090211, 222, 3423.250000
20090210, 221, 3450.000000
20090209, 220, 3547.250000
20090206, 217, 3510.000000
20090205, 216, 3300.250000
20090204, 215, 3386.000000
20090203, 214, 3344.500000
20090202, 213, 3146.750000
20090130, 210, 3125.750000
20090129, 209, 3201.500000
20090128, 208, 3302.500000
20090127, 207, 3283.000000
20090126, 206, 3529.000000
20090123, 203, 3226.750000
20090122, 202, 3064.750000
20090119, 199, 3397.500000
20090116, 196, 3323.500000
20090115, 195, 3248.500000
20090114, 194, 3254.000000
20090113, 193, 3336.750000
20090112, 192, 3211.750000
20090109, 189, 3370.750000
20090108, 188, 3165.250000
20090107, 187, 3311.250000
20090106, 186, 3359.500000
20090105, 185, 3158.500000
20090102, 182, 3207.000000
20081231, 180, 3049.250000
20081230, 179, 2891.500000
20081229, 178, 2881.500000
20081224, 173, 2823.000000
20081223, 172, 2848.000000
20081222, 171, 2939.000000
20081219, 168, 2911.000000
20081218, 167, 2860.500000
20081215, 164, 3126.000000
20081212, 161, 3143.500000
20081211, 160, 3287.000000
20081210, 159, 3275.500000
20081209, 158, 3175.500000
20081208, 157, 3294.000000
20081205, 154, 3028.500000
20081204, 153, 3252.500000
20081203, 152, 3429.000000
20081202, 151, 3540.500000
20081201, 150, 3577.000000
20081128, 147, 3604.500000
20081127, 146, 3676.500000
20081126, 145, 3735.500000
20081125, 144, 3676.000000
20081124, 143, 3733.000000
20081121, 140, 3518.000000
20081120, 139, 3451.000000
20081117, 136, 3609.000000
20081114, 133, 3781.000000
20081113, 132, 3636.000000
20081112, 131, 3587.000000
20081111, 130, 3606.000000
20081110, 129, 3847.000000
20081107, 126, 3734.500000
20081106, 125, 3789.000000
20081105, 124, 4066.500000
20081104, 123, 4301.000000
20081103, 122, 4089.000000
20081031, 119, 4097.000000
20081030, 118, 4194.000000
20081029, 117, 4650.000000
20081028, 116, 4127.500000
20081027, 115, 4016.000000
20081024, 112, 3764.000000
20081023, 111, 4038.000000
20081022, 110, 4141.500000
20081021, 109, 4479.000000
20081020, 108, 4706.000000
20081017, 105, 4806.500000
20081016, 104, 4644.500000
20081013, 101, 5194.000000
20081010, 98, 4869.500000
20081009, 97, 5375.000000
20081008, 96, 5296.000000
20081007, 95, 5727.000000
20081006, 94, 5649.000000
20081003, 91, 6080.000000
20081002, 90, 5883.000000
20081001, 89, 6192.000000
20080930, 88, 6401.000000
20080929, 87, 6477.000000
20080926, 84, 6829.000000
20080925, 83, 6979.500000
20080924, 82, 6943.500000
20080923, 81, 7006.000000
20080922, 80, 7286.000000
20080919, 77, 7096.000000
20080918, 76, 6784.000000
20080915, 73, 6983.000000
20080912, 70, 7170.000000
20080911, 69, 6966.000000
20080910, 68, 6870.000000
20080909, 67, 6856.000000
20080908, 66, 6991.000000
20080905, 63, 6935.000000
20080904, 62, 7272.000000
20080903, 61, 7404.000000
20080902, 60, 7303.000000
20080901, 59, 7337.000000
20080829, 56, 7556.000000
20080828, 55, 7592.000000
20080827, 54, 7724.000000
20080826, 53, 7655.000000
20080822, 49, 7740.000000
20080821, 48, 7939.000000
20080818, 45, 7435.000000
20080815, 42, 7438.000000
20080814, 41, 7440.000000
20080813, 40, 7479.000000
20080812, 39, 7191.000000
20080811, 38, 7432.000000
20080808, 35, 7521.000000
20080807, 34, 7802.000000
20080806, 33, 7752.000000
20080805, 32, 7749.000000
20080804, 31, 7719.000000
20080801, 28, 8050.000000
20080731, 27, 8212.000000
20080730, 26, 8178.000000
20080729, 25, 8072.000000
20080728, 24, 8139.000000
20080725, 21, 8094.000000
20080724, 20, 8032.000000
20080723, 19, 8207.000000
20080722, 18, 8256.000000
20080721, 17, 8250.000000
20080718, 14, 8211.000000
20080717, 13, 8294.000000
20080714, 10, 8475.000000
20080711, 7, 8446.000000
20080710, 6, 8404.000000
20080709, 5, 8361.000000
20080708, 4, 8345.000000
20080707, 3, 8561.000000
20080704, 0, 8620.500000
